temp,current_dist,new_dist,best_dist
714.6,3724.1,3724.1,3609.09
707.454,3730.59,3730.59,3609.09
700.379,3747.9,3747.9,3609.09
693.376,3747.9,3880.8,3609.09
686.442,3786.59,3786.59,3609.09
679.577,3801.51,3801.51,3609.09
672.782,3934.37,3934.37,3609.09
666.054,3937.79,3937.79,3609.09
659.393,3995.16,3995.16,3609.09
652.799,4097.88,4097.88,3609.09
646.271,4101.03,4101.03,3609.09
639.809,4149.43,4149.43,3609.09
633.411,4080.67,4080.67,3609.09
627.076,4108.39,4108.39,3609.09
620.806,4085.77,4085.77,3609.09
614.598,4090.36,4090.36,3609.09
608.452,4127.89,4127.89,3609.09
602.367,4204.39,4204.39,3609.09
596.343,4229.14,4229.14,3609.09
590.38,4342.36,4342.36,3609.09
584.476,4386.69,4386.69,3609.09
578.631,4375.26,4375.26,3609.09
572.845,4375.26,4439.68,3609.09
567.117,4352.91,4352.91,3609.09
561.446,4368.91,4368.91,3609.09
555.831,4453.17,4453.17,3609.09
550.273,4444.19,4444.19,3609.09
544.77,4484.61,4484.61,3609.09
539.322,4472.5,4472.5,3609.09
533.929,4411.77,4411.77,3609.09
528.59,4444.2,4444.2,3609.09
523.304,4473.78,4473.78,3609.09
518.071,4485.53,4485.53,3609.09
512.89,4571.93,4571.93,3609.09
507.761,4616.47,4616.47,3609.09
502.684,4612.82,4612.82,3609.09
497.657,4652.94,4652.94,3609.09
492.68,4666.66,4666.66,3609.09
487.753,4672.36,4672.36,3609.09
482.876,4700.26,4700.26,3609.09
478.047,4701.92,4701.92,3609.09
473.267,4709.36,4709.36,3609.09
468.534,4741.41,4741.41,3609.09
463.849,4740.6,4740.6,3609.09
459.21,4802.41,4802.41,3609.09
454.618,4778.03,4778.03,3609.09
450.072,4818.12,4818.12,3609.09
445.571,4832.25,4832.25,3609.09
441.115,4859.25,4859.25,3609.09
436.704,4893.5,4893.5,3609.09
432.337,4877.34,4877.34,3609.09
428.014,4856.81,4856.81,3609.09
423.734,4861.97,4861.97,3609.09
419.496,4868.19,4868.19,3609.09
415.301,4887.36,4887.36,3609.09
411.148,4816.02,4816.02,3609.09
407.037,4807.38,4807.38,3609.09
402.967,4806.5,4806.5,3609.09
398.937,4847.79,4847.79,3609.09
394.948,4847.79,4907.93,3609.09
390.998,4882.29,4882.29,3609.09
387.088,4886.24,4886.24,3609.09
383.217,4911.13,4911.13,3609.09
379.385,4902.12,4902.12,3609.09
375.591,4896.43,4896.43,3609.09
371.835,4896.58,4896.58,3609.09
368.117,4936.59,4936.59,3609.09
364.436,4919.9,4919.9,3609.09
360.791,4848.95,4848.95,3609.09
357.184,4823.43,4823.43,3609.09
353.612,4810.47,4810.47,3609.09
350.076,4810.47,4919.23,3609.09
346.575,4803.12,4803.12,3609.09
343.109,4800.25,4800.25,3609.09
339.678,4773.7,4773.7,3609.09
336.281,4770.53,4770.53,3609.09
332.918,4789.27,4789.27,3609.09
329.589,4828.69,4828.69,3609.09
326.293,4781.7,4781.7,3609.09
323.03,4836.57,4836.57,3609.09
319.8,4815.85,4815.85,3609.09
316.602,4811.24,4811.24,3609.09
313.436,4837.81,4837.81,3609.09
310.302,4861.97,4861.97,3609.09
307.199,4803.93,4803.93,3609.09
304.127,4761.08,4761.08,3609.09
301.085,4777.84,4777.84,3609.09
298.075,4773.2,4773.2,3609.09
295.094,4772.65,4772.65,3609.09
292.143,4661.18,4661.18,3609.09
289.221,4687.05,4687.05,3609.09
286.329,4687.05,4762.23,3609.09
283.466,4687.92,4687.92,3609.09
280.631,4696.64,4696.64,3609.09
277.825,4734.14,4734.14,3609.09
275.047,4756.23,4756.23,3609.09
272.296,4721.37,4721.37,3609.09
269.573,4720.45,4720.45,3609.09
266.878,4680.21,4680.21,3609.09
264.209,4649.1,4649.1,3609.09
261.567,4649.1,4674.12,3609.09
258.951,4624.07,4624.07,3609.09
256.362,4625.42,4625.42,3609.09
253.798,4628.8,4628.8,3609.09
251.26,4605.82,4605.82,3609.09
248.747,4661.35,4661.35,3609.09
246.26,4637.61,4637.61,3609.09
243.797,4651.12,4651.12,3609.09
241.359,4655.15,4655.15,3609.09
238.946,4629.06,4629.06,3609.09
236.556,4623.11,4623.11,3609.09
234.191,4571.94,4571.94,3609.09
231.849,4638.29,4638.29,3609.09
229.53,4625.44,4625.44,3609.09
227.235,4592.89,4592.89,3609.09
224.963,4579.75,4579.75,3609.09
222.713,4579.75,4658.18,3609.09
220.486,4628.19,4628.19,3609.09
218.281,4682.38,4682.38,3609.09
216.098,4731.17,4731.17,3609.09
213.937,4704.23,4704.23,3609.09
211.798,4685.6,4685.6,3609.09
209.68,4679.04,4679.04,3609.09
207.583,4665.27,4665.27,3609.09
205.507,4682.81,4682.81,3609.09
203.452,4750.17,4750.17,3609.09
201.418,4764.61,4764.61,3609.09
199.403,4730.94,4730.94,3609.09
197.409,4706.32,4706.32,3609.09
195.435,4706.32,4732.25,3609.09
193.481,4823.64,4823.64,3609.09
191.546,4780.12,4780.12,3609.09
189.631,4759.31,4759.31,3609.09
187.734,4739.57,4739.57,3609.09
185.857,4706.41,4706.41,3609.09
183.998,4731.93,4731.93,3609.09
182.158,4758.87,4758.87,3609.09
180.337,4776.3,4776.3,3609.09
178.534,4765.17,4765.17,3609.09
176.748,4744.88,4744.88,3609.09
174.981,4754.45,4754.45,3609.09
173.231,4776.95,4776.95,3609.09
171.499,4745.13,4745.13,3609.09
169.784,4756.12,4756.12,3609.09
168.086,4733.62,4733.62,3609.09
166.405,4778.08,4778.08,3609.09
164.741,4778.08,4872.38,3609.09
163.093,4787.96,4787.96,3609.09
161.463,4778.78,4778.78,3609.09
159.848,4778.78,4789.53,3609.09
158.249,4762.86,4762.86,3609.09
156.667,4761.12,4761.12,3609.09
155.1,4754.13,4754.13,3609.09
153.549,4776.45,4776.45,3609.09
152.014,4771.1,4771.1,3609.09
150.494,4745.06,4745.06,3609.09
148.989,4764.37,4764.37,3609.09
147.499,4784.79,4784.79,3609.09
146.024,4777.18,4777.18,3609.09
144.564,4756,4756,3609.09
143.118,4779.38,4779.38,3609.09
141.687,4789.99,4789.99,3609.09
140.27,4791.08,4791.08,3609.09
138.867,4789.38,4789.38,3609.09
137.479,4789.38,4822.31,3609.09
136.104,4816.02,4816.02,3609.09
134.743,4844.99,4844.99,3609.09
133.395,4842.49,4842.49,3609.09
132.061,4892.23,4892.23,3609.09
130.741,4879.22,4879.22,3609.09
129.433,4845.47,4845.47,3609.09
128.139,4845.24,4845.24,3609.09
126.858,4832.99,4832.99,3609.09
125.589,4845.07,4845.07,3609.09
124.333,4831.95,4831.95,3609.09
123.09,4831.95,4863.03,3609.09
121.859,4851.93,4851.93,3609.09
120.64,4804.93,4804.93,3609.09
119.434,4802.48,4802.48,3609.09
118.24,4783.96,4783.96,3609.09
117.057,4789.09,4789.09,3609.09
115.887,4802.11,4802.11,3609.09
114.728,4840.51,4840.51,3609.09
113.58,4840.51,4883.02,3609.09
112.445,4837.69,4837.69,3609.09
111.32,4704.9,4704.9,3609.09
110.207,4704.09,4704.09,3609.09
109.105,4618.88,4618.88,3609.09
108.014,4588.02,4588.02,3609.09
106.934,4618.93,4618.93,3609.09
105.864,4618.93,4628.64,3609.09
104.806,4720.61,4720.61,3609.09
103.758,4738.39,4738.39,3609.09
102.72,4738.39,4765.01,3609.09
101.693,4679.35,4679.35,3609.09
100.676,4761.43,4761.43,3609.09
99.6692,4711.33,4711.33,3609.09
98.6725,4727.38,4727.38,3609.09
97.6858,4706.58,4706.58,3609.09
96.709,4673.6,4673.6,3609.09
95.7419,4681.68,4681.68,3609.09
94.7844,4617.63,4617.63,3609.09
93.8366,4622.08,4622.08,3609.09
92.8982,4583.14,4583.14,3609.09
91.9693,4592.9,4592.9,3609.09
91.0496,4591.81,4591.81,3609.09
90.1391,4635.97,4635.97,3609.09
89.2377,4677.01,4677.01,3609.09
88.3453,4684.92,4684.92,3609.09
87.4618,4692.34,4692.34,3609.09
86.5872,4695.02,4695.02,3609.09
85.7214,4661.43,4661.43,3609.09
84.8641,4647.77,4647.77,3609.09
84.0155,4607.1,4607.1,3609.09
83.1753,4637.01,4637.01,3609.09
82.3436,4673.43,4673.43,3609.09
81.5202,4673.43,4734.57,3609.09
80.705,4655.38,4655.38,3609.09
79.8979,4671.11,4671.11,3609.09
79.0989,4664.58,4664.58,3609.09
78.3079,4664.58,4672.44,3609.09
77.5249,4692.89,4692.89,3609.09
76.7496,4665.6,4665.6,3609.09
75.9821,4673.61,4673.61,3609.09
75.2223,4654.71,4654.71,3609.09
74.4701,4684.96,4684.96,3609.09
73.7254,4680.68,4680.68,3609.09
72.9881,4680.68,4747.1,3609.09
72.2582,4680.68,4842.15,3609.09
71.5357,4675.38,4675.38,3609.09
70.8203,4723.33,4723.33,3609.09
70.1121,4668.42,4668.42,3609.09
69.411,4569.92,4569.92,3609.09
68.7169,4529.04,4529.04,3609.09
68.0297,4564.19,4564.19,3609.09
67.3494,4524.5,4524.5,3609.09
66.6759,4551.9,4551.9,3609.09
66.0091,4578.31,4578.31,3609.09
65.3491,4578.31,4601.25,3609.09
64.6956,4580.7,4580.7,3609.09
64.0486,4580.7,4612.26,3609.09
63.4081,4580.65,4580.65,3609.09
62.774,4596.81,4596.81,3609.09
62.1463,4596.81,4659.41,3609.09
61.5248,4578.54,4578.54,3609.09
60.9096,4555.5,4555.5,3609.09
60.3005,4545.78,4545.78,3609.09
59.6975,4557.43,4557.43,3609.09
59.1005,4557.43,4583.05,3609.09
58.5095,4630.2,4630.2,3609.09
57.9244,4624.62,4624.62,3609.09
57.3452,4591.52,4591.52,3609.09
56.7717,4591.52,4659.98,3609.09
56.204,4591.52,4633.7,3609.09
55.642,4578.98,4578.98,3609.09
55.0855,4559.72,4559.72,3609.09
54.5347,4563.62,4563.62,3609.09
53.9893,4559.13,4559.13,3609.09
53.4494,4584.4,4584.4,3609.09
52.9149,4572.13,4572.13,3609.09
52.3858,4572.13,4592.42,3609.09
51.8619,4515.94,4515.94,3609.09
51.3433,4515.94,4541.11,3609.09
50.8299,4586.64,4586.64,3609.09
50.3216,4579.01,4579.01,3609.09
49.8184,4547.79,4547.79,3609.09
49.3202,4507.01,4507.01,3609.09
48.827,4507.01,4580.09,3609.09
48.3387,4492.23,4492.23,3609.09
47.8553,4449.52,4449.52,3609.09
47.3768,4441.61,4441.61,3609.09
46.903,4453.12,4453.12,3609.09
46.434,4462.17,4462.17,3609.09
45.9696,4462.17,4511.16,3609.09
45.5099,4465.57,4465.57,3609.09
45.0548,4453.12,4453.12,3609.09
44.6043,4453.12,4494.49,3609.09
44.1583,4524.57,4524.57,3609.09
43.7167,4505.81,4505.81,3609.09
43.2795,4500.46,4500.46,3609.09
42.8467,4491.34,4491.34,3609.09
42.4182,4491.34,4594.67,3609.09
41.9941,4474.58,4474.58,3609.09
41.5741,4457.53,4457.53,3609.09
41.1584,4466.67,4466.67,3609.09
40.7468,4492.6,4492.6,3609.09
40.3393,4492.6,4577.33,3609.09
39.9359,4492.6,4508.27,3609.09
39.5366,4514.62,4514.62,3609.09
39.1412,4601.62,4601.62,3609.09
38.7498,4610.21,4610.21,3609.09
38.3623,4601.76,4601.76,3609.09
37.9787,4577.33,4577.33,3609.09
37.5989,4577.33,4594.92,3609.09
37.2229,4609.98,4609.98,3609.09
36.8507,4580.24,4580.24,3609.09
36.4822,4516.11,4516.11,3609.09
36.1173,4471.81,4471.81,3609.09
35.7562,4471.35,4471.35,3609.09
35.3986,4471.35,4516.15,3609.09
35.0446,4434.02,4434.02,3609.09
34.6942,4438.57,4438.57,3609.09
34.3472,4436.11,4436.11,3609.09
34.0038,4434.79,4434.79,3609.09
33.6637,4424.42,4424.42,3609.09
33.3271,4424.42,4470.3,3609.09
32.9938,4424.42,4523.87,3609.09
32.6639,4424.42,4471.99,3609.09
32.3372,4424.42,4463.8,3609.09
32.0139,4424.42,4456.28,3609.09
31.6937,4424.42,4518.88,3609.09
31.3768,4388.6,4388.6,3609.09
31.063,4365.21,4365.21,3609.09
30.7524,4365.21,4424.18,3609.09
30.4449,4384.89,4384.89,3609.09
30.1404,4384.89,4395.47,3609.09
29.839,4384.89,4411.83,3609.09
29.5406,4384.89,4421.84,3609.09
29.2452,4405.68,4405.68,3609.09
28.9528,4386.28,4386.28,3609.09
28.6632,4367.53,4367.53,3609.09
28.3766,4333.94,4333.94,3609.09
28.0928,4385.73,4385.73,3609.09
27.8119,4385.73,4488.67,3609.09
27.5338,4363.83,4363.83,3609.09
27.2585,4400.72,4400.72,3609.09
26.9859,4400.72,4458.29,3609.09
26.716,4400.72,4415.15,3609.09
26.4489,4400.72,4503.35,3609.09
26.1844,4380.09,4380.09,3609.09
25.9225,4380.09,4411.41,3609.09
25.6633,4382.58,4382.58,3609.09
25.4067,4378.76,4378.76,3609.09
25.1526,4378.76,4464.22,3609.09
24.9011,4357.88,4357.88,3609.09
24.6521,4359.56,4359.56,3609.09
24.4055,4359.56,4418.84,3609.09
24.1615,4357.46,4357.46,3609.09
23.9199,4383.83,4383.83,3609.09
23.6807,4413.76,4413.76,3609.09
23.4439,4413.76,4418.42,3609.09
23.2094,4413.76,4500.55,3609.09
22.9773,4436.37,4436.37,3609.09
22.7476,4445.71,4445.71,3609.09
22.5201,4361.89,4361.89,3609.09
22.2949,4337.72,4337.72,3609.09
22.0719,4337.8,4337.8,3609.09
21.8512,4337.8,4373.57,3609.09
21.6327,4306.48,4306.48,3609.09
21.4164,4306.48,4387.1,3609.09
21.2022,4306.48,4322.85,3609.09
20.9902,4288.25,4288.25,3609.09
20.7803,4273.73,4273.73,3609.09
20.5725,4269.12,4269.12,3609.09
20.3668,4230.73,4230.73,3609.09
20.1631,4258.66,4258.66,3609.09
19.9615,4258.66,4296.4,3609.09
19.7618,4301.51,4301.51,3609.09
19.5642,4301.51,4352.83,3609.09
19.3686,4301.51,4348.94,3609.09
19.1749,4322.54,4322.54,3609.09
18.9831,4321.82,4321.82,3609.09
18.7933,4321.82,4440.15,3609.09
18.6054,4321.82,4408.49,3609.09
18.4193,4321.82,4328.4,3609.09
18.2351,4317.39,4317.39,3609.09
18.0528,4270.2,4270.2,3609.09
17.8723,4287.3,4287.3,3609.09
17.6935,4310.57,4310.57,3609.09
17.5166,4310.57,4348.77,3609.09
17.3414,4310.57,4352.04,3609.09
17.168,4310.57,4359.39,3609.09
16.9963,4331.72,4331.72,3609.09
16.8264,4331.72,4374.4,3609.09
16.6581,4284.26,4284.26,3609.09
16.4915,4284.26,4308.52,3609.09
16.3266,4284.26,4321.63,3609.09
16.1633,4284.26,4357.45,3609.09
16.0017,4284.26,4321.31,3609.09
15.8417,4284.96,4284.96,3609.09
15.6833,4284.96,4333.91,3609.09
15.5264,4284.29,4284.29,3609.09
15.3712,4284.29,4303.31,3609.09
15.2175,4284.67,4284.67,3609.09
15.0653,4284.67,4296.34,3609.09
14.9146,4299.45,4299.45,3609.09
14.7655,4299.45,4350.86,3609.09
14.6178,4226.95,4226.95,3609.09
14.4717,4226.95,4291.23,3609.09
14.3269,4198.67,4198.67,3609.09
14.1837,4198.67,4300.5,3609.09
14.0418,4187.55,4187.55,3609.09
13.9014,4185.23,4185.23,3609.09
13.7624,4192.01,4192.01,3609.09
13.6248,4181.88,4181.88,3609.09
13.4885,4161.84,4161.84,3609.09
13.3537,4172.53,4172.53,3609.09
13.2201,4146.09,4146.09,3609.09
13.0879,4146.09,4197.73,3609.09
12.957,4146.09,4169.93,3609.09
12.8275,4171.29,4171.29,3609.09
12.6992,4171.29,4189.53,3609.09
12.5722,4171.29,4179.84,3609.09
12.4465,4166.76,4166.76,3609.09
12.322,4166.76,4223.93,3609.09
12.1988,4155.9,4155.9,3609.09
12.0768,4155.9,4174.86,3609.09
11.956,4153.63,4153.63,3609.09
11.8365,4153.63,4210.49,3609.09
11.7181,4153.63,4260,3609.09
11.6009,4125.13,4125.13,3609.09
11.4849,4120.99,4120.99,3609.09
11.3701,4120.99,4155.87,3609.09
11.2564,4110.33,4110.33,3609.09
11.1438,4110.33,4182.3,3609.09
11.0324,4105.45,4105.45,3609.09
10.922,4105.45,4137,3609.09
10.8128,4105.45,4163.71,3609.09
10.7047,4034.29,4034.29,3609.09
10.5976,4034.29,4034.29,3609.09
10.4917,4034.29,4060.38,3609.09
10.3868,4034.29,4125.84,3609.09
10.2829,4034.29,4123.93,3609.09
10.1801,4034.29,4120.84,3609.09
10.0783,4034.29,4063.34,3609.09
9.97748,4034.29,4062.84,3609.09
9.8777,4030,4030,3609.09
9.77892,4030,4126.49,3609.09
9.68113,4030,4063.96,3609.09
9.58432,4030,4184.93,3609.09
9.48848,4017.03,4017.03,3609.09
9.3936,4017.03,4103.87,3609.09
9.29966,4017.03,4045.59,3609.09
9.20666,4017.03,4033.68,3609.09
9.1146,4017.03,4046.66,3609.09
9.02345,4017.03,4132.17,3609.09
8.93322,4017.03,4073.38,3609.09
8.84388,4017.03,4033.79,3609.09
8.75544,4017.03,4082.01,3609.09
8.66789,4017.03,4049.64,3609.09
8.58121,4017.03,4094.24,3609.09
8.4954,4017.03,4112.58,3609.09
8.41045,4017.03,4049.75,3609.09
8.32634,4012.38,4012.38,3609.09
8.24308,4012.38,4043.22,3609.09
8.16065,4012.38,4112.88,3609.09
8.07904,4012.38,4068.97,3609.09
7.99825,4012.38,4071.96,3609.09
7.91827,4012.38,4028.76,3609.09
7.83908,4012.38,4046.74,3609.09
7.76069,4012.38,4028.21,3609.09
7.68309,4012.38,4104.15,3609.09
7.60626,3975.25,3975.25,3609.09
7.53019,3975.25,4058.9,3609.09
7.45489,3975.25,4040.12,3609.09
7.38034,3940.42,3940.42,3609.09
7.30654,3934.11,3934.11,3609.09
7.23347,3934.11,3979.45,3609.09
7.16114,3943.95,3943.95,3609.09
7.08953,3943.95,3967.48,3609.09
7.01863,3943.95,3955.79,3609.09
6.94845,3943.95,3967.48,3609.09
6.87896,3942.94,3942.94,3609.09
6.81017,3942.94,4029.92,3609.09
6.74207,3942.94,3991.67,3609.09
6.67465,3942.94,4018.01,3609.09
6.6079,3942.94,3974.91,3609.09
6.54182,3942.94,3946.27,3609.09
6.47641,3942.94,4080.39,3609.09
6.41164,3942.94,3980.36,3609.09
6.34753,3942.94,4018.96,3609.09
6.28405,3942.94,4074.56,3609.09
6.22121,3942.94,4054.53,3609.09
6.159,3942.94,4034.09,3609.09
6.09741,3905.69,3905.69,3609.09
6.03643,3905.69,3937.04,3609.09
5.97607,3905.69,3920.29,3609.09
5.91631,3904.08,3904.08,3609.09
5.85715,3904.08,3956.81,3609.09
5.79857,3885.52,3885.52,3609.09
5.74059,3873.95,3873.95,3609.09
5.68318,3868.44,3868.44,3609.09
5.62635,3868.44,3899.45,3609.09
5.57009,3868.44,3916.26,3609.09
5.51439,3868.44,3874.8,3609.09
5.45924,3868.44,3930.94,3609.09
5.40465,3868.44,3916.51,3609.09
5.3506,3868.44,3944.11,3609.09
5.2971,3868.44,4044.2,3609.09
5.24413,3868.44,3928.99,3609.09
5.19168,3858.56,3858.56,3609.09
5.13977,3858.56,3980.49,3609.09
5.08837,3858.56,3954.41,3609.09
5.03749,3858.56,3877.66,3609.09
4.98711,3858.56,3870.93,3609.09
4.93724,3858.56,3873.72,3609.09
4.88787,3858.56,3904.62,3609.09
4.83899,3858.56,3926.36,3609.09
4.7906,3858.56,3875.3,3609.09
4.74269,3858.56,3877.8,3609.09
4.69527,3858.56,3893.56,3609.09
4.64831,3858.56,3868.01,3609.09
4.60183,3856.42,3856.42,3609.09
4.55581,3856.42,3895.68,3609.09
4.51025,3856.42,3891.31,3609.09
4.46515,3856.42,3888.83,3609.09
4.4205,3856.42,3867.08,3609.09
4.3763,3856.42,3928.25,3609.09
4.33253,3856.42,3903.24,3609.09
4.28921,3856.42,3883.63,3609.09
4.24632,3856.42,3884.36,3609.09
4.20385,3856.42,3885.45,3609.09
4.16181,3856.42,3924.9,3609.09
4.1202,3856.42,3881.29,3609.09
4.07899,3856.42,3908.28,3609.09
4.0382,3856.42,3943.92,3609.09
3.99782,3846.68,3846.68,3609.09
3.95784,3846.68,3853.26,3609.09
3.91826,3846.68,3869.2,3609.09
3.87908,3823.04,3823.04,3609.09
3.84029,3823.04,3875.05,3609.09
3.80189,3823.04,3889.04,3609.09
3.76387,3823.04,3963.05,3609.09
3.72623,3799.76,3799.76,3609.09
3.68897,3788.39,3788.39,3609.09
3.65208,3788.39,3826.64,3609.09
3.61556,3788.39,3866.02,3609.09
3.5794,3788.39,3913.81,3609.09
3.54361,3788.39,3880.6,3609.09
3.50817,3788.39,3819.28,3609.09
3.47309,3788.39,3846.97,3609.09
3.43836,3788.39,3823.08,3609.09
3.40398,3788.39,3865.87,3609.09
3.36994,3788.39,3816.5,3609.09
3.33624,3788.39,3932.4,3609.09
3.30287,3788.39,3928.02,3609.09
3.26985,3788.39,3802.41,3609.09
3.23715,3788.39,3841.14,3609.09
3.20478,3788.39,3808.5,3609.09
3.17273,3790.64,3790.64,3609.09
3.141,3790.64,3795.1,3609.09
3.10959,3750.16,3750.16,3609.09
3.07849,3750.16,3850.32,3609.09
3.04771,3750.16,3757.18,3609.09
3.01723,3750.16,3894.84,3609.09
2.98706,3750.16,3837.44,3609.09
2.95719,3750.16,3800.96,3609.09
2.92762,3750.16,3861.45,3609.09
2.89834,3750.16,3756.61,3609.09
2.86936,3750.16,3923.31,3609.09
2.84066,3750.16,3756.46,3609.09
2.81226,3750.16,3898.74,3609.09
2.78414,3750.16,3873.71,3609.09
2.75629,3750.16,3760.05,3609.09
2.72873,3704.13,3704.13,3609.09
2.70144,3704.13,3728.04,3609.09
2.67443,3704.13,3744.75,3609.09
2.64769,3704.13,3753.38,3609.09
2.62121,3704.13,3766.84,3609.09
2.595,3704.13,3761.78,3609.09
2.56905,3704.13,3724.92,3609.09
2.54336,3704.13,3853.1,3609.09
2.51792,3704.13,3786.85,3609.09
2.49274,3704.13,3816.3,3609.09
2.46782,3704.13,3733.8,3609.09
2.44314,3704.13,3763.31,3609.09
2.41871,3704.13,3756.02,3609.09
2.39452,3704.13,3817.98,3609.09
2.37057,3704.13,3778.63,3609.09
2.34687,3704.13,3731.09,3609.09
2.3234,3704.13,3800.51,3609.09
2.30017,3704.13,3772.25,3609.09
2.27716,3704.13,3833.34,3609.09
2.25439,3704.13,3774.66,3609.09
2.23185,3704.13,3758.75,3609.09
2.20953,3704.13,3860.24,3609.09
2.18743,3685.77,3685.77,3609.09
2.16556,3685.77,3723.67,3609.09
2.1439,3685.77,3840.76,3609.09
2.12247,3685.77,3715.37,3609.09
2.10124,3685.77,3707.8,3609.09
2.08023,3681.17,3681.17,3609.09
2.05943,3676.28,3676.28,3609.09
2.03883,3618.36,3618.36,3609.09
2.01844,3618.36,3763.85,3609.09
1.99826,3618.36,3657.65,3609.09
1.97828,3618.36,3672.11,3609.09
1.95849,3618.36,3634.77,3609.09
1.93891,3618.36,3628.96,3609.09
1.91952,3618.36,3681.82,3609.09
1.90032,3607.94,3607.94,3607.94
1.88132,3607.94,3634.68,3607.94
1.86251,3607.94,3668.04,3607.94
1.84388,3607.94,3711.66,3607.94
1.82544,3607.94,3666.8,3607.94
1.80719,3606.65,3606.65,3606.65
1.78912,3606.65,3641.56,3606.65
1.77123,3606.65,3685.07,3606.65
1.75351,3606.65,3629.18,3606.65
1.73598,3606.65,3728.01,3606.65
1.71862,3606.65,3707.2,3606.65
1.70143,3606.65,3620.17,3606.65
1.68442,3606.65,3628.33,3606.65
1.66757,3606.65,3620.23,3606.65
1.6509,3606.65,3680.18,3606.65
1.63439,3606.65,3725.6,3606.65
1.61805,3596.54,3596.54,3596.54
1.60187,3596.54,3736.23,3596.54
1.58585,3596.54,3676.65,3596.54
1.56999,3596.31,3596.31,3596.31
1.55429,3596.31,3726.8,3596.31
1.53875,3596.31,3650.65,3596.31
1.52336,3596.31,3629.53,3596.31
1.50812,3596.48,3596.48,3596.31
1.49304,3596.71,3596.71,3596.31
1.47811,3596.71,3607.23,3596.31
1.46333,3596.71,3613.62,3596.31
1.4487,3596.71,3684.68,3596.31
1.43421,3596.71,3637.14,3596.31
1.41987,3596.71,3597.83,3596.31
1.40567,3596.71,3626.07,3596.31
1.39161,3596.71,3606.26,3596.31
1.3777,3596.71,3700.65,3596.31
1.36392,3596.71,3704.34,3596.31
1.35028,3596.71,3778.38,3596.31
1.33678,3596.71,3672.01,3596.31
1.32341,3596.71,3765.65,3596.31
1.31018,3596.71,3643.9,3596.31
1.29708,3596.71,3630.39,3596.31
1.2841,3596.71,3624.25,3596.31
1.27126,3596.71,3603.41,3596.31
1.25855,3596.71,3695.29,3596.31
1.24597,3596.71,3733.42,3596.31
1.23351,3596.71,3660,3596.31
1.22117,3595.25,3595.25,3595.25
1.20896,3595.95,3595.95,3595.25
1.19687,3595.95,3646.6,3595.25
1.1849,3595.95,3617.17,3595.25
1.17305,3595.95,3602.92,3595.25
1.16132,3595.95,3658.2,3595.25
1.14971,3595.95,3609.28,3595.25
1.13821,3595.95,3717.98,3595.25
1.12683,3595.95,3655.9,3595.25
1.11556,3595,3595,3595
1.1044,3590.47,3590.47,3590.47
1.09336,3590.47,3599.74,3590.47
1.08243,3590.47,3709.23,3590.47
1.0716,3590.47,3592.37,3590.47
1.06089,3590.47,3599.79,3590.47
1.05028,3590.47,3737.79,3590.47
1.03978,3590.47,3664.16,3590.47
1.02938,3590.47,3727.45,3590.47
1.01908,3585.78,3585.78,3585.78
1.00889,3585.78,3727.09,3585.78
0.998804,3585.78,3616.23,3585.78
0.988816,3585.78,3603.58,3585.78
0.978928,3585.78,3733.03,3585.78
0.969138,3585.78,3677.87,3585.78
0.959447,3585.78,3719.92,3585.78
0.949853,3585.78,3645.83,3585.78
0.940354,3575.05,3575.05,3575.05
0.930951,3575.05,3649.04,3575.05
0.921641,3575.05,3608.46,3575.05
0.912425,3575.05,3658.41,3575.05
0.9033,3575.05,3710.63,3575.05
0.894267,3575.05,3661.82,3575.05
0.885325,3575.05,3616.87,3575.05
0.876471,3550.13,3550.13,3550.13
0.867707,3550.13,3591.26,3550.13
0.85903,3550.13,3657.85,3550.13
0.850439,3550.13,3576.71,3550.13
0.841935,3550.13,3621.7,3550.13
0.833516,3550.13,3566.99,3550.13
0.82518,3550.13,3570.09,3550.13
0.816929,3550.13,3582.36,3550.13
0.808759,3547.72,3547.72,3547.72
0.800672,3547.72,3564.61,3547.72
0.792665,3547.72,3665.81,3547.72
0.784738,3547.72,3628.5,3547.72
0.776891,3547.72,3603.95,3547.72
0.769122,3547.72,3592.32,3547.72
0.761431,3547.72,3617.8,3547.72
0.753817,3547.72,3552.11,3547.72
0.746278,3543.88,3543.88,3543.88
0.738816,3543.88,3671.87,3543.88
0.731427,3543.48,3543.48,3543.48
0.724113,3543.48,3597.28,3543.48
0.716872,3543.48,3553.12,3543.48
0.709703,3543.48,3631.03,3543.48
0.702606,3543.48,3600.45,3543.48
0.69558,3543.48,3628.82,3543.48
0.688624,3543.48,3557.15,3543.48
0.681738,3543.48,3673.14,3543.48
0.674921,3543.48,3572.04,3543.48
0.668172,3543.48,3641.48,3543.48
0.66149,3543.48,3567.72,3543.48
0.654875,3543.48,3606.43,3543.48
0.648326,3543.48,3579.63,3543.48
0.641843,3543.48,3559.33,3543.48
0.635425,3543.33,3543.33,3543.33
0.62907,3543.33,3586.68,3543.33
0.62278,3529.53,3529.53,3529.53
0.616552,3529.53,3576.42,3529.53
0.610386,3529.53,3558.68,3529.53
0.604282,3529.53,3596.6,3529.53
0.59824,3529.53,3596.55,3529.53
0.592257,3529.53,3610.6,3529.53
0.586335,3529.53,3641.41,3529.53
0.580471,3529.53,3573.43,3529.53
0.574667,3529.53,3685.5,3529.53
0.56892,3529.53,3583.08,3529.53
0.563231,3522.75,3522.75,3522.75
0.557598,3522.75,3643.08,3522.75
0.552022,3522.75,3543.2,3522.75
0.546502,3522.75,3653.4,3522.75
0.541037,3522.75,3639.35,3522.75
0.535627,3522.75,3604.05,3522.75
0.530271,3522.75,3532.97,3522.75
0.524968,3522.75,3593.17,3522.75
0.519718,3522.75,3616.91,3522.75
0.514521,3522.75,3571.4,3522.75
0.509376,3522.75,3635.54,3522.75
0.504282,3519.22,3519.22,3519.22
0.499239,3519.22,3564.65,3519.22
0.494247,3519.22,3646.79,3519.22
0.489304,3519.22,3535.75,3519.22
0.484411,3519.22,3595.92,3519.22
0.479567,3519.22,3573.86,3519.22
0.474771,3519.22,3667.69,3519.22
0.470024,3519.22,3543.36,3519.22
0.465324,3514.69,3514.69,3514.69
0.46067,3514.69,3631.45,3514.69
0.456064,3514.69,3635.85,3514.69
0.451503,3514.69,3583.59,3514.69
0.446988,3514.69,3577.47,3514.69
0.442518,3514.69,3527.03,3514.69
0.438093,3514.69,3699.98,3514.69
0.433712,3514.69,3613.61,3514.69
0.429375,3514.69,3646.82,3514.69
0.425081,3514.69,3548.29,3514.69
0.42083,3514.69,3526.88,3514.69
0.416622,3514.69,3649.69,3514.69
0.412456,3514.69,3564.26,3514.69
0.408331,3514.69,3646.42,3514.69
0.404248,3507.22,3507.22,3507.22
0.400205,3507.22,3550.39,3507.22
0.396203,3507.22,3608.8,3507.22
0.392241,3507.22,3622.92,3507.22
0.388319,3507.22,3600.19,3507.22
0.384436,3507.22,3599.14,3507.22
0.380591,3507.22,3576.36,3507.22
0.376785,3507.22,3512.51,3507.22
0.373018,3507.22,3545.32,3507.22
0.369287,3507.22,3549.67,3507.22
0.365595,3507.22,3613.97,3507.22
0.361939,3507.22,3714.62,3507.22
0.358319,3507.22,3549.92,3507.22
0.354736,3507.22,3522.45,3507.22
0.351189,3507.22,3621.47,3507.22
0.347677,3507.22,3522.75,3507.22
0.3442,3497.81,3497.81,3497.81
0.340758,3483.04,3483.04,3483.04
0.33735,3483.04,3559.03,3483.04
0.333977,3483.04,3588.17,3483.04
0.330637,3483.04,3573.85,3483.04
0.327331,3483.04,3521.02,3483.04
0.324057,3479.83,3479.83,3479.83
0.320817,3479.83,3577.29,3479.83
0.317609,3479.83,3542.55,3479.83
0.314433,3479.83,3534.22,3479.83
0.311288,3479.83,3502.66,3479.83
0.308175,3479.83,3639.9,3479.83
0.305094,3479.83,3518.47,3479.83
0.302043,3479.83,3572.91,3479.83
0.299022,3479.83,3494.61,3479.83
0.296032,3479.83,3495.61,3479.83
0.293072,3479.83,3615.9,3479.83
0.290141,3479.83,3511.01,3479.83
0.28724,3479.83,3576.61,3479.83
0.284367,3479.83,3585.45,3479.83
0.281524,3479.83,3501.31,3479.83
0.278708,3479.83,3513.84,3479.83
0.275921,3479.83,3526.91,3479.83
0.273162,3479.83,3557.57,3479.83
0.27043,3479.83,3566.04,3479.83
0.267726,3479.83,3513.44,3479.83
0.265049,3479.83,3495.32,3479.83
0.262398,3479.83,3493.74,3479.83
0.259774,3479.83,3531.11,3479.83
0.257177,3479.83,3601.9,3479.83
0.254605,3479.83,3565.22,3479.83
0.252059,3479.83,3513.58,3479.83
0.249538,3456.78,3456.78,3456.78
0.247043,3456.78,3485.86,3456.78
0.244572,3456.78,3532.21,3456.78
0.242127,3456.78,3488.76,3456.78
0.239705,3456.78,3528.28,3456.78
0.237308,3456.78,3489.93,3456.78
0.234935,3439.9,3439.9,3439.9
0.232586,3439.9,3441.13,3439.9
0.23026,3439.9,3536.6,3439.9
0.227957,3439.9,3489.34,3439.9
0.225678,3439.9,3447.53,3439.9
0.223421,3439.9,3560.68,3439.9
0.221187,3439.9,3503.89,3439.9
0.218975,3439.9,3502.4,3439.9
0.216785,3439.9,3558.3,3439.9
0.214617,3439.9,3458.59,3439.9
0.212471,3439.9,3503.15,3439.9
0.210347,3439.9,3520.12,3439.9
0.208243,3439.9,3462.62,3439.9
0.206161,3439.9,3477.89,3439.9
0.204099,3439.9,3462.49,3439.9
0.202058,3439.9,3452.3,3439.9
0.200037,3439.9,3625.33,3439.9
0.198037,3439.9,3550.44,3439.9
0.196057,3435.17,3435.17,3435.17
0.194096,3435.17,3495.38,3435.17
0.192155,3435.17,3521.11,3435.17
0.190234,3435.17,3491.93,3435.17
0.188331,3435.17,3517.16,3435.17
0.186448,3435.17,3610.09,3435.17
0.184584,3435.17,3553.17,3435.17
0.182738,3435.17,3582.56,3435.17
0.18091,3435.17,3607.36,3435.17
0.179101,3435.17,3542.75,3435.17
0.17731,3435.17,3627.83,3435.17
0.175537,3435.17,3436.54,3435.17
0.173782,3435.17,3481.36,3435.17
0.172044,3435.17,3476.58,3435.17
0.170323,3435.17,3437.07,3435.17
0.16862,3435.17,3476.09,3435.17
0.166934,3435.17,3460.02,3435.17
0.165265,3435.17,3560.55,3435.17
0.163612,3435.17,3525.27,3435.17
0.161976,3435.17,3501.47,3435.17
0.160356,3435.17,3553.99,3435.17
0.158753,3435.17,3572.08,3435.17
0.157165,3435.17,3452.57,3435.17
0.155593,3435.17,3440.83,3435.17
0.154037,3435.17,3439.55,3435.17
0.152497,3435.17,3454.12,3435.17
0.150972,3435.17,3584.07,3435.17
0.149462,3435.17,3524.93,3435.17
0.147968,3435.17,3435.9,3435.17
0.146488,3435.17,3475.99,3435.17
0.145023,3435.17,3444.66,3435.17
0.143573,3435.17,3515.67,3435.17
0.142137,3435.17,3503.77,3435.17
0.140716,3423.18,3423.18,3423.18
0.139309,3423.18,3509.57,3423.18
0.137916,3423.18,3442.19,3423.18
0.136536,3423.18,3508.55,3423.18
0.135171,3423.18,3571.36,3423.18
0.133819,3423.18,3473.01,3423.18
0.132481,3423.18,3496.2,3423.18
0.131156,3423.18,3541.47,3423.18
0.129845,3412.96,3412.96,3412.96
0.128546,3412.96,3517.32,3412.96
0.127261,3412.96,3473.04,3412.96
0.125988,3412.96,3435.89,3412.96
0.124728,3403.36,3403.36,3403.36
0.123481,3403.36,3550.86,3403.36
0.122246,3403.36,3489.27,3403.36
0.121024,3403.36,3497.08,3403.36
0.119814,3403.36,3450,3403.36
0.118616,3395.5,3395.5,3395.5
0.117429,3395.5,3468.08,3395.5
0.116255,3395.5,3529.67,3395.5
0.115093,3395.5,3527.99,3395.5
0.113942,3395.5,3585.36,3395.5
0.112802,3395.5,3399.24,3395.5
0.111674,3395.5,3533.5,3395.5
0.110557,3395.5,3414.3,3395.5
0.109452,3395.5,3395.86,3395.5
0.108357,3395.5,3446.58,3395.5
0.107274,3395.5,3414.37,3395.5
0.106201,3395.5,3455.58,3395.5
0.105139,3382.22,3382.22,3382.22
0.104088,3382.22,3547.99,3382.22
0.103047,3382.22,3398.22,3382.22
0.102016,3359.13,3359.13,3359.13
0.100996,3359.13,3455.41,3359.13
0.0999861,3359.13,3465.45,3359.13
0.0989863,3359.13,3466,3359.13
0.0979964,3359.13,3439.62,3359.13
0.0970165,3359.13,3435.88,3359.13
0.0960463,3359.13,3415.38,3359.13
0.0950858,3359.13,3408.35,3359.13
0.094135,3359.13,3449.72,3359.13
0.0931936,3359.13,3469.15,3359.13
0.0922617,3359.13,3487.51,3359.13
0.0913391,3359.13,3489.63,3359.13
0.0904257,3359.13,3388.05,3359.13
0.0895214,3359.13,3400.78,3359.13
0.0886262,3354.97,3354.97,3354.97
0.0877399,3354.97,3484.09,3354.97
0.0868625,3354.97,3449.97,3354.97
0.0859939,3354.97,3482.85,3354.97
0.085134,3354.97,3357.03,3354.97
0.0842826,3354.97,3371.61,3354.97
0.0834398,3354.97,3517.66,3354.97
0.0826054,3354.97,3390.69,3354.97
0.0817794,3354.97,3409.08,3354.97
0.0809616,3354.97,3415.33,3354.97
0.0801519,3354.97,3370.39,3354.97
0.0793504,3354.97,3360.12,3354.97
0.0785569,3354.97,3473.15,3354.97
0.0777714,3354.97,3446.02,3354.97
0.0769936,3354.97,3390.73,3354.97
0.0762237,3354.97,3404.43,3354.97
0.0754615,3342.28,3342.28,3342.28
0.0747069,3342.28,3492.22,3342.28
0.0739598,3342.28,3366.46,3342.28
0.0732202,3342.28,3380.34,3342.28
0.072488,3342.28,3504.55,3342.28
0.0717631,3342.28,3342.33,3342.28
0.0710455,3342.28,3383.18,3342.28
0.070335,3342.28,3369.44,3342.28
0.0696317,3326,3326,3326
0.0689354,3326,3395.99,3326
0.068246,3326,3455.63,3326
0.0675635,3326,3334.72,3326
0.0668879,3326,3389.61,3326
0.066219,3326,3331.78,3326
0.0655568,3326,3327.46,3326
0.0649013,3326,3346.32,3326
0.0642523,3326,3347.37,3326
0.0636097,3326,3412.88,3326
0.0629736,3326,3373.52,3326
0.0623439,3326,3385.69,3326
0.0617205,3326,3537.29,3326
0.0611033,3326,3377.39,3326
0.0604922,3326,3334.65,3326
0.0598873,3326,3407.67,3326
0.0592884,3326,3367.7,3326
0.0586955,3326,3336.41,3326
0.0581086,3326,3394.58,3326
0.0575275,3326,3407.5,3326
0.0569522,3326,3369.86,3326
0.0563827,3326,3438.59,3326
0.0558189,3326,3339.58,3326
0.0552607,3326,3429.62,3326
0.0547081,3326,3393.21,3326
0.054161,3326,3456.34,3326
0.0536194,3326,3399.52,3326
0.0530832,3326,3342.9,3326
0.0525524,3326,3401.2,3326
0.0520268,3326,3504.6,3326
0.0515066,3326,3345.17,3326
0.0509915,3326,3433.48,3326
0.0504816,3326,3406.22,3326
0.0499768,3326,3355.73,3326
0.049477,3326,3379.55,3326
0.0489822,3326,3360.82,3326
0.0484924,3326,3428.49,3326
0.0480075,3326,3368.37,3326
0.0475274,3326,3392.57,3326
0.0470521,3326,3396.9,3326
0.0465816,3326,3453.67,3326
0.0461158,3326,3326.68,3326
0.0456546,3326,3377.36,3326
0.0451981,3326,3520.64,3326
0.0447461,3326,3367.86,3326
0.0442987,3326,3370.46,3326
0.0438557,3326,3552.49,3326
0.0434171,3326,3447.91,3326
0.0429829,3326,3362.28,3326
0.0425531,3326,3346.43,3326
0.0421276,3326,3440.01,3326
0.0417063,3326,3434.59,3326
0.0412892,3326,3371.84,3326
0.0408764,3326,3347.06,3326
0.0404676,3326,3440.65,3326
0.0400629,3326,3452.88,3326
0.0396623,3326,3413.43,3326
0.0392657,3326,3367.9,3326
0.038873,3326,3420.54,3326
0.0384843,3326,3398.66,3326
0.0380994,3326,3396.13,3326
0.0377184,3326,3370.39,3326
0.0373413,3326,3418.04,3326
0.0369678,3326,3366.71,3326
0.0365982,3326,3400.42,3326
0.0362322,3326,3344.78,3326
0.0358699,3326,3386.61,3326
0.0355112,3326,3447.55,3326
0.035156,3326,3496.05,3326
0.0348045,3326,3406.18,3326
0.0344564,3319.43,3319.43,3319.43
0.0341119,3319.43,3421.45,3319.43
0.0337708,3319.43,3375.7,3319.43
0.0334331,3319.43,3399.85,3319.43
0.0330987,3319.43,3401.22,3319.43
0.0327677,3319.43,3354.05,3319.43
0.0324401,3319.43,3366.42,3319.43
0.0321157,3319.43,3383.89,3319.43
0.0317945,3319.43,3423.05,3319.43
0.0314766,3319.43,3376.97,3319.43
0.0311618,3319.43,3350.27,3319.43
0.0308502,3319.43,3368.99,3319.43
0.0305417,3319.43,3357.53,3319.43
0.0302363,3315.28,3315.28,3315.28
0.0299339,3315.28,3416.39,3315.28
0.0296346,3315.28,3436.43,3315.28
0.0293382,3313.98,3313.98,3313.98
0.0290448,3313.98,3314.74,3313.98
0.0287544,3313.98,3463.21,3313.98
0.0284668,3313.98,3366.65,3313.98
0.0281822,3313.98,3427.31,3313.98
0.0279003,3313.98,3424.51,3313.98
0.0276213,3313.98,3356.5,3313.98
0.0273451,3313.98,3437.21,3313.98
0.0270717,3313.98,3410.93,3313.98
0.026801,3313.98,3426.32,3313.98
0.0265329,3313.98,3322.74,3313.98
0.0262676,3313.98,3344.21,3313.98
0.0260049,3313.98,3517.13,3313.98
0.0257449,3313.98,3435.09,3313.98
0.0254874,3313.98,3418.97,3313.98
0.0252326,3313.98,3359.59,3313.98
0.0249802,3313.98,3493.27,3313.98
0.0247304,3313.98,3480.91,3313.98
0.0244831,3313.98,3414.59,3313.98
0.0242383,3313.98,3398.13,3313.98
0.0239959,3313.98,3410.38,3313.98
0.023756,3313.98,3372.25,3313.98
0.0235184,3313.98,3371.62,3313.98
0.0232832,3313.98,3361.19,3313.98
0.0230504,3313.98,3347.55,3313.98
0.0228199,3313.98,3525.49,3313.98
0.0225917,3313.98,3445.6,3313.98
0.0223658,3313.98,3498.93,3313.98
0.0221421,3304.94,3304.94,3304.94
0.0219207,3304.94,3453.92,3304.94
0.0217015,3304.94,3312.86,3304.94
0.0214845,3304.94,3436.04,3304.94
0.0212696,3304.94,3363.01,3304.94
0.0210569,3304.94,3453.82,3304.94
0.0208464,3304.94,3305.37,3304.94
0.0206379,3304.94,3368.55,3304.94
0.0204315,3304.94,3460.85,3304.94
0.0202272,3304.94,3372.99,3304.94
0.0200249,3304.94,3393.35,3304.94
0.0198247,3304.94,3416.66,3304.94
0.0196264,3304.94,3332.7,3304.94
0.0194302,3304.94,3351.82,3304.94
0.0192359,3304.94,3444.94,3304.94
0.0190435,3304.94,3449.78,3304.94
0.0188531,3304.94,3349.01,3304.94
0.0186645,3304.94,3460.37,3304.94
0.0184779,3304.94,3312.79,3304.94
0.0182931,3304.94,3319.67,3304.94
0.0181102,3304.94,3348.63,3304.94
0.0179291,3304.94,3334.91,3304.94
0.0177498,3304.94,3448.11,3304.94
0.0175723,3304.94,3306.75,3304.94
0.0173966,3304.94,3358.79,3304.94
0.0172226,3304.94,3359.8,3304.94
0.0170504,3304.94,3335.17,3304.94
0.0168799,3297.79,3297.79,3297.79
0.0167111,3297.79,3345.62,3297.79
0.016544,3297.79,3506.16,3297.79
0.0163785,3297.79,3320.86,3297.79
0.0162147,3297.79,3354.56,3297.79
0.0160526,3297.79,3302.67,3297.79
0.0158921,3297.79,3455.23,3297.79
0.0157331,3297.79,3385.32,3297.79
0.0155758,3297.79,3320.38,3297.79
0.0154201,3297.79,3366,3297.79
0.0152659,3297.79,3334.86,3297.79
0.0151132,3297.79,3412.02,3297.79
0.0149621,3297.79,3370.5,3297.79
0.0148124,3297.79,3307.77,3297.79
0.0146643,3297.79,3359.09,3297.79
0.0145177,3297.79,3335.64,3297.79
0.0143725,3297.79,3303.05,3297.79
0.0142288,3297.79,3301.95,3297.79
0.0140865,3297.79,3381.81,3297.79
0.0139456,3297.79,3381.72,3297.79
0.0138062,3297.79,3387.13,3297.79
0.0136681,3297.79,3413.55,3297.79
0.0135314,3297.79,3314.85,3297.79
0.0133961,3297.79,3400.42,3297.79
0.0132621,3297.79,3397.5,3297.79
0.0131295,3297.79,3425.56,3297.79
0.0129982,3297.79,3346.37,3297.79
0.0128683,3297.79,3313.94,3297.79
0.0127396,3297.79,3405.9,3297.79
0.0126122,3297.79,3404.94,3297.79
0.0124861,3297.79,3317.15,3297.79
0.0123612,3297.79,3312.33,3297.79
0.0122376,3297.79,3370.8,3297.79
0.0121152,3297.79,3421.88,3297.79
0.0119941,3297.79,3408.55,3297.79
0.0118741,3297.79,3364.65,3297.79
0.0117554,3297.79,3424.17,3297.79
0.0116378,3297.79,3331.35,3297.79
0.0115214,3297.79,3358,3297.79
0.0114062,3297.79,3439.66,3297.79
0.0112922,3297.79,3359,3297.79
0.0111792,3297.79,3377.55,3297.79
0.0110674,3297.79,3368.66,3297.79
0.0109568,3297.79,3381.81,3297.79
0.0108472,3297.79,3417.5,3297.79
0.0107387,3297.79,3361.27,3297.79
0.0106313,3297.79,3422.72,3297.79
0.010525,3297.79,3307.91,3297.79
0.0104198,3297.79,3310.78,3297.79
0.0103156,3297.79,3506.91,3297.79
0.0102124,3297.79,3304.64,3297.79
0.0101103,3297.79,3433.67,3297.79
0.0100092,3297.79,3369.37,3297.79
0.00990911,3297.79,3329.74,3297.79
0.00981002,3297.79,3389.79,3297.79
0.00971192,3297.79,3384.47,3297.79
0.0096148,3297.79,3342.71,3297.79
0.00951865,3297.79,3446.47,3297.79
0.00942346,3297.79,3452.1,3297.79
0.00932923,3297.79,3354.42,3297.79
0.00923594,3297.79,3320.57,3297.79
0.00914358,3297.79,3429.29,3297.79
0.00905214,3297.79,3323.27,3297.79
0.00896162,3297.79,3353.04,3297.79
0.008872,3297.79,3367.46,3297.79
0.00878328,3297.79,3441.31,3297.79
0.00869545,3297.79,3383.62,3297.79
0.0086085,3297.79,3322.28,3297.79
0.00852241,3297.79,3383.94,3297.79
0.00843719,3297.79,3401.62,3297.79
0.00835281,3297.79,3313.29,3297.79
0.00826929,3297.79,3353.61,3297.79
0.00818659,3297.79,3351.1,3297.79
0.00810473,3297.79,3429.48,3297.79
0.00802368,3297.79,3360.51,3297.79
0.00794344,3297.79,3470.05,3297.79
0.00786401,3297.79,3346.25,3297.79
0.00778537,3297.79,3315.86,3297.79
0.00770752,3297.79,3329.66,3297.79
0.00763044,3297.79,3301.35,3297.79
0.00755414,3297.79,3316.8,3297.79
0.00747859,3297.79,3467.97,3297.79
0.00740381,3297.79,3434.59,3297.79
0.00732977,3297.79,3379.65,3297.79
0.00725647,3297.79,3321.88,3297.79
0.00718391,3297.79,3316.28,3297.79
0.00711207,3297.79,3332,3297.79
0.00704095,3297.79,3370.49,3297.79
0.00697054,3297.79,3363.11,3297.79
0.00690083,3297.79,3338.92,3297.79
0.00683183,3297.79,3411.47,3297.79
0.00676351,3297.79,3486.54,3297.79
0.00669587,3297.79,3315.79,3297.79
0.00662891,3297.79,3391.72,3297.79
0.00656262,3297.79,3335.75,3297.79
0.006497,3297.79,3455.23,3297.79
0.00643203,3297.79,3457.43,3297.79
0.00636771,3297.79,3370.89,3297.79
0.00630403,3297.06,3297.06,3297.06
0.00624099,3297.06,3400.42,3297.06
0.00617858,3297.06,3354.63,3297.06
0.00611679,3297.06,3342.61,3297.06
0.00605563,3297.06,3353.52,3297.06
0.00599507,3297.06,3350.09,3297.06
0.00593512,3297.06,3310.3,3297.06
0.00587577,3297.06,3336.12,3297.06
0.00581701,3297.06,3366.09,3297.06
0.00575884,3297.06,3323.89,3297.06
0.00570125,3297.06,3491.22,3297.06
0.00564424,3297.06,3348.98,3297.06
0.0055878,3297.06,3338.37,3297.06
0.00553192,3297.06,3306.23,3297.06
0.0054766,3297.06,3468.4,3297.06
0.00542183,3297.06,3484.92,3297.06
0.00536762,3297.06,3419.09,3297.06
0.00531394,3297.06,3361.58,3297.06
0.0052608,3297.06,3324.65,3297.06
0.00520819,3297.06,3319.75,3297.06
0.00515611,3297.06,3344.64,3297.06
0.00510455,3297.06,3389.47,3297.06
0.0050535,3297.06,3429.39,3297.06
0.00500297,3297.06,3458.01,3297.06
0.00495294,3297.06,3324.76,3297.06
0.00490341,3297.06,3409.83,3297.06
0.00485438,3297.06,3402.36,3297.06
0.00480583,3297.06,3350.16,3297.06
0.00475777,3297.06,3330.64,3297.06
0.0047102,3297.06,3390.78,3297.06
0.00466309,3297.06,3354.63,3297.06
0.00461646,3297.06,3403.85,3297.06
0.0045703,3297.06,3452.73,3297.06
0.0045246,3297.06,3317.15,3297.06
0.00447935,3297.06,3313.99,3297.06
0.00443456,3297.06,3427.81,3297.06
0.00439021,3297.06,3410.35,3297.06
0.00434631,3297.06,3457.74,3297.06
0.00430285,3297.06,3467.16,3297.06
0.00425982,3297.06,3453.45,3297.06
0.00421722,3297.06,3375.8,3297.06
0.00417505,3297.06,3302.75,3297.06
0.0041333,3297.06,3422.02,3297.06
0.00409196,3297.06,3425.09,3297.06
0.00405104,3297.06,3454.03,3297.06
0.00401053,3297.06,3390.17,3297.06
0.00397043,3293.49,3293.49,3293.49
0.00393072,3293.49,3398.79,3293.49
0.00389142,3293.49,3311.13,3293.49
0.0038525,3293.49,3377.35,3293.49
0.00381398,3293.49,3427.42,3293.49
0.00377584,3293.49,3324.43,3293.49
0.00373808,3293.49,3422.79,3293.49
0.0037007,3293.49,3342.81,3293.49
0.00366369,3293.49,3417.28,3293.49
0.00362705,3293.49,3331.04,3293.49
0.00359078,3293.49,3325.65,3293.49
0.00355488,3293.49,3300.77,3293.49
0.00351933,3293.49,3306.74,3293.49
0.00348413,3293.49,3400.57,3293.49
0.00344929,3293.49,3328.05,3293.49
0.0034148,3293.49,3331.87,3293.49
0.00338065,3293.49,3327.38,3293.49
0.00334684,3292.49,3292.49,3292.49
0.00331338,3292.49,3313.39,3292.49
0.00328024,3292.49,3325.99,3292.49
0.00324744,3292.49,3309.74,3292.49
0.00321497,3292.49,3373.44,3292.49
0.00318282,3292.49,3385.69,3292.49
0.00315099,3292.49,3377.85,3292.49
0.00311948,3292.49,3353.41,3292.49
0.00308828,3292.49,3312.23,3292.49
0.0030574,3292.49,3369.99,3292.49
0.00302683,3292.49,3358.94,3292.49
0.00299656,3292.49,3409.6,3292.49
0.00296659,3292.49,3311.47,3292.49
0.00293693,3292.49,3417.7,3292.49
0.00290756,3292.49,3317.26,3292.49
0.00287848,3292.49,3300.33,3292.49
0.0028497,3292.49,3405.38,3292.49
0.0028212,3292.49,3316.06,3292.49
0.00279299,3292.49,3310.3,3292.49
0.00276506,3292.49,3308.74,3292.49
0.00273741,3292.49,3399.16,3292.49
0.00271003,3292.49,3341.45,3292.49
0.00268293,3292.49,3318.86,3292.49
0.0026561,3292.49,3354.6,3292.49
0.00262954,3292.49,3322.49,3292.49
0.00260325,3292.49,3346.3,3292.49
0.00257721,3292.49,3355.42,3292.49
0.00255144,3292.49,3350.15,3292.49
0.00252593,3292.49,3351.91,3292.49
0.00250067,3292.49,3327.93,3292.49
0.00247566,3292.49,3384.87,3292.49
0.00245091,3292.49,3339.35,3292.49
0.0024264,3291.73,3291.73,3291.73
0.00240213,3291.73,3331.64,3291.73
0.00237811,3291.73,3368.93,3291.73
0.00235433,3291.73,3369.23,3291.73
0.00233079,3286.52,3286.52,3286.52
0.00230748,3286.52,3354.05,3286.52
0.0022844,3286.52,3399.73,3286.52
0.00226156,3286.52,3418.68,3286.52
0.00223894,3286.52,3343.87,3286.52
0.00221656,3286.52,3363.99,3286.52
0.00219439,3286.52,3343.64,3286.52
0.00217245,3286.52,3386.27,3286.52
0.00215072,3286.52,3371.3,3286.52
0.00212921,3286.52,3329.5,3286.52
0.00210792,3286.52,3320.23,3286.52
0.00208684,3286.52,3392.13,3286.52
0.00206597,3286.52,3294.8,3286.52
0.00204531,3286.52,3326.75,3286.52
0.00202486,3286.52,3390.9,3286.52
0.00200461,3286.52,3346.79,3286.52
0.00198457,3286.52,3435.35,3286.52
0.00196472,3286.52,3401.64,3286.52
0.00194507,3286.52,3336.72,3286.52
0.00192562,3286.52,3439.57,3286.52
0.00190637,3286.52,3417.67,3286.52
0.0018873,3286.52,3397.92,3286.52
0.00186843,3286.52,3327.77,3286.52
0.00184975,3286.52,3479.33,3286.52
0.00183125,3286.52,3340.96,3286.52
0.00181294,3286.52,3314.83,3286.52
0.00179481,3286.52,3306.1,3286.52
0.00177686,3286.52,3479.65,3286.52
0.00175909,3286.52,3423.24,3286.52
0.0017415,3286.52,3379.26,3286.52
0.00172408,3286.52,3349.6,3286.52
0.00170684,3286.52,3427.96,3286.52
0.00168977,3286.52,3441.83,3286.52
0.00167288,3286.52,3314.7,3286.52
0.00165615,3286.52,3421.84,3286.52
0.00163959,3286.52,3425.45,3286.52
0.00162319,3286.52,3308.18,3286.52
0.00160696,3286.52,3342.63,3286.52
0.00159089,3286.52,3445.18,3286.52
0.00157498,3279.98,3279.98,3279.98
0.00155923,3279.98,3300.6,3279.98
0.00154364,3279.98,3448.8,3279.98
0.0015282,3279.98,3363.1,3279.98
0.00151292,3278.49,3278.49,3278.49
0.00149779,3278.49,3293.41,3278.49
0.00148281,3278.49,3312.96,3278.49
0.00146798,3278.49,3333.66,3278.49
0.0014533,3278.49,3353.35,3278.49
0.00143877,3278.49,3440.44,3278.49
0.00142438,3278.49,3442.63,3278.49
0.00141014,3278.49,3281.75,3278.49
0.00139604,3278.49,3397.03,3278.49
0.00138208,3278.49,3368.58,3278.49
0.00136826,3278.49,3289.84,3278.49
0.00135458,3278.49,3359.73,3278.49
0.00134103,3278.49,3465.73,3278.49
0.00132762,3278.49,3380.02,3278.49
0.00131434,3278.49,3281.04,3278.49
0.0013012,3278.49,3323.42,3278.49
0.00128819,3278.49,3301.73,3278.49
0.00127531,3278.49,3315.63,3278.49
0.00126255,3278.49,3325.74,3278.49
0.00124993,3278.49,3341.49,3278.49
0.00123743,3278.49,3364.72,3278.49
0.00122505,3278.49,3329.98,3278.49
0.0012128,3278.49,3436.26,3278.49
0.00120067,3278.49,3383.22,3278.49
0.00118867,3278.49,3312.49,3278.49
0.00117678,3278.49,3345.25,3278.49
0.00116501,3278.49,3370.86,3278.49
0.00115336,3278.49,3346.32,3278.49
0.00114183,3278.49,3304.78,3278.49
0.00113041,3278.49,3398.55,3278.49
0.00111911,3278.49,3310.18,3278.49
0.00110792,3278.49,3290.58,3278.49
0.00109684,3278.49,3344.75,3278.49
0.00108587,3278.49,3379.55,3278.49
0.00107501,3278.49,3347.87,3278.49
0.00106426,3278.49,3279.22,3278.49
0.00105362,3278.49,3296.36,3278.49
0.00104308,3278.49,3418.59,3278.49
0.00103265,3278.49,3285.55,3278.49
0.00102232,3278.49,3447.39,3278.49
0.0010121,3278.49,3351.14,3278.49
0.00100198,3278.49,3416.96,3278.49
0.00099196,3278.49,3340.74,3278.49
0.00098204,3278.49,3394.25,3278.49
0.00097222,3278.49,3319.8,3278.49
0.000962498,3278.49,3353.23,3278.49
0.000952873,3278.49,3398.61,3278.49
0.000943344,3278.49,3320.24,3278.49
0.000933911,3278.49,3350.56,3278.49
0.000924571,3278.03,3278.03,3278.03
0.000915326,3278.03,3305.75,3278.03
0.000906172,3278.03,3451.89,3278.03
0.000897111,3278.03,3472.59,3278.03
0.00088814,3278.03,3423.02,3278.03
0.000879258,3273.35,3273.35,3273.35
0.000870466,3273.35,3319.25,3273.35
0.000861761,3273.35,3334.97,3273.35
0.000853143,3273.35,3335.78,3273.35
0.000844612,3273.35,3433.03,3273.35
0.000836166,3273.35,3303.63,3273.35
0.000827804,3273.35,3312.35,3273.35
0.000819526,3273.35,3308.63,3273.35
0.000811331,3273.35,3369.03,3273.35
0.000803218,3273.35,3339.07,3273.35
0.000795185,3273.35,3389.05,3273.35
0.000787234,3273.35,3293.44,3273.35
0.000779361,3273.18,3273.18,3273.18
0.000771568,3273.18,3409.96,3273.18
0.000763852,3273.18,3332.29,3273.18
0.000756213,3273.18,3400.9,3273.18
0.000748651,3273.18,3311.24,3273.18
0.000741165,3273.18,3280.4,3273.18
0.000733753,3273.18,3375.44,3273.18
0.000726416,3273.18,3312.99,3273.18
0.000719151,3273.18,3289.89,3273.18
0.00071196,3273.18,3423.86,3273.18
0.00070484,3273.18,3286.98,3273.18
0.000697792,3273.18,3307.03,3273.18
0.000690814,3273.18,3388.41,3273.18
0.000683906,3273.18,3360.06,3273.18
0.000677067,3273.18,3287.79,3273.18
0.000670296,3273.18,3387.6,3273.18
0.000663593,3273.18,3377.93,3273.18
0.000656957,3273.18,3344.19,3273.18
0.000650388,3273.18,3300.51,3273.18
0.000643884,3273.18,3334.4,3273.18
0.000637445,3273.18,3295.7,3273.18
0.00063107,3273.18,3291.06,3273.18
0.00062476,3273.18,3411.7,3273.18
0.000618512,3273.18,3349.58,3273.18
0.000612327,3273.18,3366.13,3273.18
0.000606204,3273.18,3310.05,3273.18
0.000600142,3273.18,3295.65,3273.18
0.00059414,3273.18,3293.68,3273.18
0.000588199,3273.18,3393.17,3273.18
0.000582317,3273.18,3282.03,3273.18
0.000576494,3273.18,3355.18,3273.18
0.000570729,3273.18,3426.18,3273.18
0.000565022,3273.18,3374.73,3273.18
0.000559371,3273.18,3446.1,3273.18
0.000553778,3273.18,3290.79,3273.18
0.00054824,3273.18,3302.6,3273.18
0.000542757,3273.18,3315.33,3273.18
0.00053733,3273.18,3410.74,3273.18
0.000531957,3273.18,3380.4,3273.18
0.000526637,3273.18,3316.47,3273.18
0.000521371,3273.18,3376.91,3273.18
0.000516157,3273.18,3311.6,3273.18
0.000510995,3273.18,3315,3273.18
0.000505885,3273.18,3449.18,3273.18
0.000500827,3273.18,3395.38,3273.18
0.000495818,3273.18,3281.45,3273.18
0.00049086,3273.18,3385.75,3273.18
0.000485952,3273.18,3355.85,3273.18
0.000481092,3273.18,3277.85,3273.18
0.000476281,3273.18,3409.09,3273.18
0.000471518,3273.18,3356.36,3273.18
0.000466803,3273.18,3395.71,3273.18
0.000462135,3273.18,3395.39,3273.18
0.000457514,3273.18,3312.12,3273.18
0.000452939,3273.18,3346.17,3273.18
0.000448409,3273.18,3384.86,3273.18
0.000443925,3273.18,3320.72,3273.18
0.000439486,3273.18,3332.61,3273.18
0.000435091,3273.18,3291.55,3273.18
0.00043074,3271.43,3271.43,3271.43
0.000426433,3271.43,3329.78,3271.43
0.000422168,3271.43,3372.73,3271.43
0.000417947,3271.43,3320.39,3271.43
0.000413767,3271.43,3385.01,3271.43
0.00040963,3271.43,3326.8,3271.43
0.000405533,3271.43,3273.78,3271.43
0.000401478,3261.64,3261.64,3261.64
0.000397463,3261.64,3279.97,3261.64
0.000393488,3261.64,3365.94,3261.64
0.000389554,3261.64,3347.02,3261.64
0.000385658,3261.64,3353.09,3261.64
0.000381801,3261.64,3369.78,3261.64
0.000377983,3261.64,3316.47,3261.64
0.000374204,3261.64,3407.94,3261.64
0.000370462,3261.64,3430.64,3261.64
0.000366757,3261.64,3304.78,3261.64
0.000363089,3261.64,3390.77,3261.64
0.000359459,3261.64,3327.36,3261.64
0.000355864,3261.64,3287.81,3261.64
0.000352305,3251.79,3251.79,3251.79
0.000348782,3240.81,3240.81,3240.81
0.000345294,3240.81,3338.51,3240.81
0.000341841,3240.81,3300.59,3240.81
0.000338423,3240.81,3326.67,3240.81
0.000335039,3240.81,3388.74,3240.81
0.000331688,3240.81,3387.47,3240.81
0.000328372,3240.81,3288.13,3240.81
0.000325088,3240.81,3350.08,3240.81
0.000321837,3240.81,3302.92,3240.81
0.000318619,3240.81,3315.4,3240.81
0.000315432,3240.81,3278.55,3240.81
0.000312278,3236.24,3236.24,3236.24
0.000309155,3236.24,3362.58,3236.24
0.000306064,3236.24,3243.1,3236.24
0.000303003,3236.24,3271.22,3236.24
0.000299973,3236.24,3342.72,3236.24
0.000296973,3236.24,3314.99,3236.24
0.000294004,3236.24,3295.94,3236.24
0.000291064,3236.24,3254.32,3236.24
0.000288153,3236.24,3310.93,3236.24
0.000285271,3236.24,3282.62,3236.24
0.000282419,3236.24,3361.65,3236.24
0.000279595,3236.24,3339.76,3236.24
0.000276799,3236.24,3439.77,3236.24
0.000274031,3236.24,3344.94,3236.24
0.00027129,3236.24,3285.76,3236.24
0.000268577,3236.24,3302.93,3236.24
0.000265892,3236.24,3336.66,3236.24
0.000263233,3236.24,3262.02,3236.24
0.0002606,3236.24,3340.24,3236.24
0.000257994,3236.24,3276.27,3236.24
0.000255414,3236.24,3304.85,3236.24
0.00025286,3236.24,3289.27,3236.24
0.000250332,3236.24,3330.24,3236.24
0.000247828,3236.24,3324.69,3236.24
0.00024535,3236.24,3261.15,3236.24
0.000242897,3236.24,3293.17,3236.24
0.000240468,3236.24,3265.75,3236.24
0.000238063,3236.24,3291.06,3236.24
0.000235682,3236.24,3243.7,3236.24
0.000233325,3236.24,3275.32,3236.24
0.000230992,3236.24,3259.98,3236.24
0.000228682,3236.24,3245.56,3236.24
0.000226395,3236.24,3357.65,3236.24
0.000224132,3236.24,3349.81,3236.24
0.00022189,3236.24,3296.46,3236.24
0.000219671,3236.24,3239.76,3236.24
0.000217475,3236.24,3364.88,3236.24
0.0002153,3236.24,3252.72,3236.24
0.000213147,3236.24,3303.98,3236.24
0.000211015,3236.24,3300.37,3236.24
0.000208905,3236.24,3254.94,3236.24
0.000206816,3236.24,3383.35,3236.24
0.000204748,3236.24,3272.35,3236.24
0.000202701,3236.24,3262.12,3236.24
0.000200674,3236.24,3341.64,3236.24
0.000198667,3236.24,3392.55,3236.24
0.00019668,3236.24,3246.73,3236.24
0.000194713,3236.24,3250.26,3236.24
0.000192766,3236.24,3300.65,3236.24
0.000190839,3236.24,3267.16,3236.24
0.00018893,3236.24,3291.06,3236.24
0.000187041,3236.24,3256.96,3236.24
0.00018517,3236.24,3253.09,3236.24
0.000183319,3236.24,3318.68,3236.24
0.000181486,3236.24,3320.49,3236.24
0.000179671,3236.24,3343.63,3236.24
0.000177874,3236.24,3314.05,3236.24
0.000176095,3236.24,3312.32,3236.24
0.000174334,3236.24,3352.56,3236.24
0.000172591,3236.24,3240.85,3236.24
0.000170865,3236.24,3242.23,3236.24
0.000169156,3236.24,3236.66,3236.24
0.000167465,3231.87,3231.87,3231.87
0.00016579,3231.87,3238.85,3231.87
0.000164132,3231.87,3377.98,3231.87
0.000162491,3231.87,3246.72,3231.87
0.000160866,3231.87,3383.5,3231.87
0.000159257,3231.87,3276.12,3231.87
0.000157665,3231.87,3359.5,3231.87
0.000156088,3231.87,3305,3231.87
0.000154527,3231.87,3282.77,3231.87
0.000152982,3231.87,3397.89,3231.87
0.000151452,3231.87,3256.27,3231.87
0.000149938,3231.87,3238.43,3231.87
0.000148438,3231.87,3293.7,3231.87
0.000146954,3231.87,3339.32,3231.87
0.000145484,3231.87,3358.82,3231.87
0.00014403,3231.87,3254.02,3231.87
0.000142589,3231.87,3304.97,3231.87
0.000141163,3231.87,3239.7,3231.87
0.000139752,3231.87,3297.7,3231.87
0.000138354,3231.87,3303.7,3231.87
0.000136971,3231.87,3366.02,3231.87
0.000135601,3228.45,3228.45,3228.45
0.000134245,3228.45,3299.93,3228.45
0.000132902,3228.45,3398.45,3228.45
0.000131573,3228.45,3282.02,3228.45
0.000130258,3228.45,3325.63,3228.45
0.000128955,3214.29,3214.29,3214.29
0.000127666,3214.29,3335.67,3214.29
0.000126389,3214.29,3228.28,3214.29
0.000125125,3214.29,3337.58,3214.29
0.000123874,3213.53,3213.53,3213.53
0.000122635,3213.53,3273.16,3213.53
0.000121409,3213.53,3232.35,3213.53
0.000120195,3213.53,3315.77,3213.53
0.000118993,3213.53,3356.7,3213.53
0.000117803,3213.53,3382.84,3213.53
0.000116625,3213.53,3298.08,3213.53
0.000115458,3213.53,3288.17,3213.53
0.000114304,3213.53,3218.86,3213.53
0.000113161,3213.53,3363.35,3213.53
0.000112029,3213.53,3300.34,3213.53
0.000110909,3213.53,3273.92,3213.53
0.0001098,3213.53,3398.09,3213.53
0.000108702,3213.53,3252.17,3213.53
0.000107615,3213.53,3254.84,3213.53
0.000106539,3213.53,3310.23,3213.53
0.000105473,3213.53,3297.68,3213.53
0.000104419,3213.53,3297.22,3213.53
0.000103374,3213.53,3229.34,3213.53
0.000102341,3213.53,3303.25,3213.53
0.000101317,3213.53,3228.23,3213.53
0.000100304,3213.53,3230.15,3213.53
9.9301e-05,3213.53,3239.09,3213.53
9.8308e-05,3213.53,3277.4,3213.53
9.73249e-05,3213.53,3250.98,3213.53
9.63517e-05,3213.53,3271.15,3213.53
9.53882e-05,3213.53,3275.04,3213.53
9.44343e-05,3213.53,3275.51,3213.53
9.34899e-05,3209.83,3209.83,3209.83
9.2555e-05,3209.83,3353.62,3209.83
9.16295e-05,3209.83,3258.73,3209.83
9.07132e-05,3209.83,3276.69,3209.83
8.98061e-05,3209.83,3233.85,3209.83
8.8908e-05,3209.83,3253.08,3209.83
8.80189e-05,3209.83,3250.44,3209.83
8.71387e-05,3209.83,3373.87,3209.83
8.62673e-05,3209.83,3310.89,3209.83
8.54047e-05,3184.49,3184.49,3184.49
8.45506e-05,3184.49,3203.76,3184.49
8.37051e-05,3184.49,3260.8,3184.49
8.28681e-05,3184.49,3314.5,3184.49
8.20394e-05,3184.49,3252.39,3184.49
8.1219e-05,3184.49,3198.86,3184.49
8.04068e-05,3184.49,3355.81,3184.49
7.96027e-05,3184.49,3260.69,3184.49
7.88067e-05,3184.49,3296.91,3184.49
7.80186e-05,3184.49,3341.92,3184.49
7.72384e-05,3184.49,3206.37,3184.49
7.64661e-05,3184.49,3285.83,3184.49
7.57014e-05,3184.49,3208.17,3184.49
7.49444e-05,3184.49,3316.49,3184.49
7.41949e-05,3184.49,3303.92,3184.49
7.3453e-05,3184.49,3344.64,3184.49
7.27185e-05,3184.49,3275.73,3184.49
7.19913e-05,3184.49,3248.45,3184.49
7.12714e-05,3184.49,3284.45,3184.49
7.05587e-05,3184.49,3330.87,3184.49
6.98531e-05,3184.49,3185.28,3184.49
6.91545e-05,3182.22,3182.22,3182.22
6.8463e-05,3182.22,3200.12,3182.22
6.77784e-05,3182.22,3261.22,3182.22
6.71006e-05,3182.22,3279.07,3182.22
6.64296e-05,3182.22,3221.66,3182.22
6.57653e-05,3182.22,3192.7,3182.22
6.51076e-05,3182.22,3195.16,3182.22
6.44565e-05,3182.22,3251.42,3182.22
6.3812e-05,3182.22,3201.24,3182.22
6.31739e-05,3182.22,3226.34,3182.22
6.25421e-05,3182.22,3218.46,3182.22
6.19167e-05,3182.22,3225.03,3182.22
6.12975e-05,3182.22,3360.96,3182.22
6.06846e-05,3182.22,3267.56,3182.22
6.00777e-05,3182.22,3304.21,3182.22
5.94769e-05,3182.22,3198.9,3182.22
5.88822e-05,3182.22,3228.25,3182.22
5.82933e-05,3182.22,3184.27,3182.22
5.77104e-05,3182.22,3186.85,3182.22
5.71333e-05,3182.22,3229.56,3182.22
5.6562e-05,3182.22,3335.33,3182.22
5.59964e-05,3182.22,3210.6,3182.22
5.54364e-05,3182.22,3197.6,3182.22
5.4882e-05,3182.22,3235.06,3182.22
5.43332e-05,3182.22,3201.55,3182.22
5.37899e-05,3182.22,3273.06,3182.22
5.3252e-05,3182.22,3192.25,3182.22
5.27195e-05,3182.22,3251.84,3182.22
5.21923e-05,3182.22,3258.67,3182.22
5.16703e-05,3182.22,3218.5,3182.22
5.11536e-05,3182.22,3237.99,3182.22
5.06421e-05,3173.28,3173.28,3173.28
5.01357e-05,3173.28,3180.23,3173.28
4.96343e-05,3173.28,3202.6,3173.28
4.9138e-05,3173.28,3216.12,3173.28
4.86466e-05,3169.42,3169.42,3169.42
4.81601e-05,3169.42,3218.47,3169.42
4.76785e-05,3169.42,3316.49,3169.42
4.72017e-05,3169.42,3241.52,3169.42
4.67297e-05,3169.42,3271.35,3169.42
4.62624e-05,3169.42,3197.37,3169.42
4.57998e-05,3169.42,3285.08,3169.42
4.53418e-05,3169.42,3303.67,3169.42
4.48884e-05,3169.42,3283.43,3169.42
4.44395e-05,3169.42,3263.73,3169.42
4.39951e-05,3169.42,3202.06,3169.42
4.35552e-05,3169.42,3240.47,3169.42
4.31196e-05,3169.42,3188.71,3169.42
4.26884e-05,3169.42,3189.83,3169.42
4.22615e-05,3169.42,3265.41,3169.42
4.18389e-05,3169.42,3196.08,3169.42
4.14205e-05,3169.42,3177.84,3169.42
4.10063e-05,3169.42,3219.93,3169.42
4.05963e-05,3169.42,3253.18,3169.42
4.01903e-05,3169.42,3250.92,3169.42
3.97884e-05,3169.42,3229.49,3169.42
3.93905e-05,3169.42,3287.4,3169.42
3.89966e-05,3169.42,3338.19,3169.42
3.86066e-05,3169.42,3181.72,3169.42
3.82206e-05,3169.42,3269.35,3169.42
3.78384e-05,3169.42,3256.3,3169.42
3.746e-05,3169.42,3257.35,3169.42
3.70854e-05,3169.42,3241.02,3169.42
3.67145e-05,3169.42,3201.73,3169.42
3.63474e-05,3169.42,3359.95,3169.42
3.59839e-05,3169.42,3224.72,3169.42
3.56241e-05,3169.42,3300.21,3169.42
3.52678e-05,3169.42,3270.46,3169.42
3.49152e-05,3169.42,3273.4,3169.42
3.4566e-05,3169.42,3193.17,3169.42
3.42203e-05,3169.42,3341.55,3169.42
3.38781e-05,3169.42,3188.71,3169.42
3.35394e-05,3169.42,3194.66,3169.42
3.3204e-05,3169.42,3209.44,3169.42
3.28719e-05,3169.42,3209.22,3169.42
3.25432e-05,3169.42,3239.21,3169.42
3.22178e-05,3169.42,3189.36,3169.42
3.18956e-05,3169.42,3322.59,3169.42
3.15766e-05,3169.42,3208.49,3169.42
3.12609e-05,3169.42,3222.07,3169.42
3.09483e-05,3169.42,3195.01,3169.42
3.06388e-05,3169.42,3341.94,3169.42
3.03324e-05,3169.42,3223.53,3169.42
3.00291e-05,3169.42,3188.3,3169.42
2.97288e-05,3169.42,3238.62,3169.42
2.94315e-05,3169.42,3271.26,3169.42
2.91372e-05,3169.42,3246.08,3169.42
2.88458e-05,3169.42,3170.2,3169.42
2.85573e-05,3169.42,3218.86,3169.42
2.82718e-05,3169.42,3174.61,3169.42
2.79891e-05,3169.42,3172.51,3169.42
2.77092e-05,3169.42,3203.25,3169.42
2.74321e-05,3169.42,3291.87,3169.42
2.71577e-05,3169.42,3253.46,3169.42
2.68862e-05,3169.42,3268.26,3169.42
2.66173e-05,3169.42,3202.35,3169.42
2.63511e-05,3169.42,3328.5,3169.42
2.60876e-05,3169.42,3183.42,3169.42
2.58267e-05,3169.42,3326.49,3169.42
2.55685e-05,3169.42,3251.48,3169.42
2.53128e-05,3169.42,3347.01,3169.42
2.50597e-05,3169.42,3182.07,3169.42
2.48091e-05,3169.42,3215.67,3169.42
2.4561e-05,3169.42,3213.03,3169.42
2.43154e-05,3169.42,3213.17,3169.42
2.40722e-05,3169.42,3283.5,3169.42
2.38315e-05,3169.42,3218.4,3169.42
2.35932e-05,3169.42,3216.5,3169.42
2.33572e-05,3169.42,3284.49,3169.42
2.31237e-05,3169.42,3199.36,3169.42
2.28924e-05,3169.42,3257.5,3169.42
2.26635e-05,3169.42,3236.36,3169.42
2.24369e-05,3169.42,3206.52,3169.42
2.22125e-05,3169.42,3266.3,3169.42
2.19904e-05,3169.42,3325.29,3169.42
2.17705e-05,3169.42,3285.11,3169.42
2.15528e-05,3169.42,3246.4,3169.42
2.13373e-05,3169.42,3200.35,3169.42
2.11239e-05,3169.42,3240.25,3169.42
2.09126e-05,3169.42,3268.64,3169.42
2.07035e-05,3169.42,3276.66,3169.42
2.04965e-05,3169.42,3289.87,3169.42
2.02915e-05,3169.42,3255.42,3169.42
2.00886e-05,3169.42,3199.73,3169.42
1.98877e-05,3169.42,3244.71,3169.42
1.96888e-05,3169.42,3343.33,3169.42
1.94919e-05,3169.42,3193.1,3169.42
1.9297e-05,3169.42,3205.62,3169.42
1.91041e-05,3169.42,3191.34,3169.42
1.8913e-05,3169.42,3258.83,3169.42
1.87239e-05,3169.42,3208.02,3169.42
1.85366e-05,3169.42,3186.7,3169.42
1.83513e-05,3169.42,3301.69,3169.42
1.81678e-05,3169.42,3195.03,3169.42
1.79861e-05,3169.42,3336.19,3169.42
1.78062e-05,3167.76,3167.76,3167.76
1.76282e-05,3167.76,3170.72,3167.76
1.74519e-05,3167.76,3206.42,3167.76
1.72774e-05,3167.76,3267.21,3167.76
1.71046e-05,3167.76,3250.37,3167.76
1.69335e-05,3167.76,3339.81,3167.76
1.67642e-05,3167.76,3284.25,3167.76
1.65966e-05,3167.76,3174.7,3167.76
1.64306e-05,3167.76,3262.16,3167.76
1.62663e-05,3167.76,3224.57,3167.76
1.61036e-05,3167.76,3343.78,3167.76
1.59426e-05,3167.76,3293.51,3167.76
1.57832e-05,3167.76,3230.39,3167.76
1.56253e-05,3167.76,3181.65,3167.76
1.54691e-05,3167.76,3207.32,3167.76
1.53144e-05,3167.76,3194.92,3167.76
1.51613e-05,3167.76,3258.93,3167.76
1.50096e-05,3167.76,3181.97,3167.76
1.48595e-05,3167.76,3261.07,3167.76
1.47109e-05,3167.76,3223.06,3167.76
1.45638e-05,3167.76,3174.89,3167.76
1.44182e-05,3167.76,3279.3,3167.76
1.4274e-05,3167.76,3350.79,3167.76
1.41313e-05,3167.76,3176.58,3167.76
1.399e-05,3167.76,3180.44,3167.76
1.38501e-05,3167.76,3327.5,3167.76
1.37116e-05,3167.76,3178.46,3167.76
1.35744e-05,3167.76,3223.54,3167.76
1.34387e-05,3167.76,3253.73,3167.76
1.33043e-05,3167.76,3324.28,3167.76
1.31713e-05,3167.76,3193.44,3167.76
1.30396e-05,3167.76,3209.55,3167.76
1.29092e-05,3167.76,3296.99,3167.76
1.27801e-05,3167.76,3250.85,3167.76
1.26523e-05,3167.76,3278.62,3167.76
1.25258e-05,3167.76,3403.86,3167.76
1.24005e-05,3143.37,3143.37,3143.37
1.22765e-05,3143.37,3252.72,3143.37
1.21537e-05,3143.37,3250.07,3143.37
1.20322e-05,3143.37,3167.92,3143.37
1.19119e-05,3143.37,3303.07,3143.37
1.17927e-05,3143.37,3258.68,3143.37
1.16748e-05,3143.37,3249.81,3143.37
1.15581e-05,3143.37,3167.11,3143.37
1.14425e-05,3143.37,3146.03,3143.37
1.13281e-05,3140.83,3140.83,3140.83
1.12148e-05,3140.83,3192.53,3140.83
1.11026e-05,3140.83,3256.15,3140.83
1.09916e-05,3140.83,3301.56,3140.83
1.08817e-05,3140.83,3148.96,3140.83
1.07729e-05,3140.83,3248.93,3140.83
1.06651e-05,3140.83,3238.82,3140.83
1.05585e-05,3140.83,3193.07,3140.83
1.04529e-05,3140.83,3150.17,3140.83
1.03484e-05,3140.83,3185.14,3140.83
1.02449e-05,3140.83,3250.97,3140.83
1.01424e-05,3140.83,3177.78,3140.83
1.0041e-05,3140.83,3166.59,3140.83
9.94061e-06,3140.83,3240.34,3140.83
9.84121e-06,3140.83,3303.79,3140.83
9.7428e-06,3140.83,3290.98,3140.83
9.64537e-06,3140.83,3233.52,3140.83
9.54891e-06,3140.83,3153.08,3140.83
9.45343e-06,3140.83,3245.67,3140.83
9.35889e-06,3140.83,3246.27,3140.83
9.2653e-06,3140.83,3306.47,3140.83
9.17265e-06,3140.83,3206.96,3140.83
9.08092e-06,3140.83,3150.01,3140.83
8.99011e-06,3140.83,3157.6,3140.83
8.90021e-06,3140.83,3240.73,3140.83
8.81121e-06,3140.83,3248.39,3140.83
8.7231e-06,3131.68,3131.68,3131.68
8.63587e-06,3131.68,3216.42,3131.68
8.54951e-06,3131.68,3209.43,3131.68
8.46401e-06,3131.68,3162.38,3131.68
8.37937e-06,3131.68,3170.33,3131.68
8.29558e-06,3131.68,3298.42,3131.68
8.21262e-06,3131.68,3145.68,3131.68
8.1305e-06,3131.68,3144.93,3131.68
8.04919e-06,3131.68,3277.91,3131.68
7.9687e-06,3129.07,3129.07,3129.07
7.88901e-06,3129.07,3176.19,3129.07
7.81012e-06,3123.74,3123.74,3123.74
7.73202e-06,3116.1,3116.1,3116.1
7.6547e-06,3116.1,3242.89,3116.1
7.57816e-06,3116.1,3149.93,3116.1
7.50237e-06,3116.1,3292.13,3116.1
7.42735e-06,3116.1,3190.76,3116.1
7.35308e-06,3116.1,3128.03,3116.1
7.27955e-06,3116.1,3166.35,3116.1
7.20675e-06,3116.1,3130.86,3116.1
7.13468e-06,3116.1,3172.59,3116.1
7.06334e-06,3116.1,3149.33,3116.1
6.9927e-06,3116.1,3199.36,3116.1
6.92278e-06,3116.1,3181.52,3116.1
6.85355e-06,3116.1,3167.14,3116.1
6.78501e-06,3116.1,3150.61,3116.1
6.71716e-06,3116.1,3180.44,3116.1
6.64999e-06,3116.1,3136.62,3116.1
6.58349e-06,3116.1,3154.2,3116.1
6.51766e-06,3116.1,3205.89,3116.1
6.45248e-06,3116.1,3200.47,3116.1
6.38795e-06,3116.1,3127.73,3116.1
6.32407e-06,3116.1,3206.96,3116.1
6.26083e-06,3116.1,3269.46,3116.1
6.19823e-06,3116.1,3174.19,3116.1
6.13624e-06,3116.1,3236.35,3116.1
6.07488e-06,3116.1,3159.49,3116.1
6.01413e-06,3116.1,3173.22,3116.1
5.95399e-06,3116.1,3243.44,3116.1
5.89445e-06,3116.1,3170.59,3116.1
5.83551e-06,3116.1,3237.71,3116.1
5.77715e-06,3116.1,3152.1,3116.1
5.71938e-06,3116.1,3190.53,3116.1
5.66219e-06,3116.1,3137.07,3116.1
5.60556e-06,3116.1,3249.27,3116.1
5.54951e-06,3116.1,3136.15,3116.1
5.49401e-06,3116.1,3215.76,3116.1
5.43907e-06,3116.1,3171.31,3116.1
5.38468e-06,3116.1,3259.8,3116.1
5.33084e-06,3116.1,3154.23,3116.1
5.27753e-06,3116.1,3253.87,3116.1
5.22475e-06,3116.1,3227.42,3116.1
5.1725e-06,3116.1,3337.81,3116.1
5.12078e-06,3116.1,3199.78,3116.1
5.06957e-06,3116.1,3299.61,3116.1
5.01888e-06,3116.1,3187.14,3116.1
4.96869e-06,3116.1,3153.95,3116.1
4.919e-06,3116.1,3235.05,3116.1
4.86981e-06,3116.1,3122.72,3116.1
4.82111e-06,3116.1,3153.87,3116.1
4.7729e-06,3116.1,3276.27,3116.1
4.72517e-06,3116.1,3235,3116.1
4.67792e-06,3116.1,3212.68,3116.1
4.63114e-06,3116.1,3131.64,3116.1
4.58483e-06,3116.1,3130.38,3116.1
4.53898e-06,3116.1,3316.05,3116.1
4.49359e-06,3116.1,3186.56,3116.1
4.44866e-06,3116.1,3157.43,3116.1
4.40417e-06,3116.1,3219.33,3116.1
4.36013e-06,3116.1,3132.99,3116.1
4.31653e-06,3116.1,3214.21,3116.1
4.27336e-06,3116.1,3230.03,3116.1
4.23063e-06,3116.1,3163.85,3116.1
4.18832e-06,3116.1,3160.52,3116.1
4.14644e-06,3116.1,3155.1,3116.1
4.10497e-06,3116.1,3205.25,3116.1
4.06392e-06,3116.1,3200.7,3116.1
4.02328e-06,3108.95,3108.95,3108.95
3.98305e-06,3108.95,3192.17,3108.95
3.94322e-06,3108.95,3147.24,3108.95
3.90379e-06,3108.95,3186.13,3108.95
3.86475e-06,3091.12,3091.12,3091.12
3.8261e-06,3091.12,3191.54,3091.12
3.78784e-06,3091.12,3205.08,3091.12
3.74996e-06,3091.12,3157.18,3091.12
3.71246e-06,3091.12,3163.55,3091.12
3.67534e-06,3091.12,3181.05,3091.12
3.63859e-06,3091.12,3230.83,3091.12
3.6022e-06,3091.12,3252.89,3091.12
3.56618e-06,3091.12,3251.08,3091.12
3.53052e-06,3091.12,3133.58,3091.12
3.49521e-06,3091.12,3193.66,3091.12
3.46026e-06,3091.12,3134.5,3091.12
3.42566e-06,3091.12,3167.31,3091.12
3.3914e-06,3091.12,3177.02,3091.12
3.35749e-06,3086.52,3086.52,3086.52
3.32391e-06,3086.52,3169.81,3086.52
3.29067e-06,3086.52,3167.12,3086.52
3.25777e-06,3086.52,3123.71,3086.52
3.22519e-06,3086.52,3095.13,3086.52
3.19294e-06,3086.52,3165.82,3086.52
3.16101e-06,3086.52,3213.71,3086.52
3.1294e-06,3086.52,3106.82,3086.52
3.0981e-06,3086.52,3141.24,3086.52
3.06712e-06,3086.52,3126.1,3086.52
3.03645e-06,3086.52,3132.03,3086.52
3.00609e-06,3086.52,3106.15,3086.52
2.97603e-06,3086.52,3109.54,3086.52
2.94626e-06,3086.52,3193.02,3086.52
2.9168e-06,3086.52,3162.3,3086.52
2.88763e-06,3086.52,3088.53,3086.52
2.85876e-06,3086.52,3175.47,3086.52
2.83017e-06,3079.93,3079.93,3079.93
2.80187e-06,3079.93,3145.01,3079.93
2.77385e-06,3079.93,3201.7,3079.93
2.74611e-06,3079.93,3175.69,3079.93
2.71865e-06,3079.93,3161.7,3079.93
2.69146e-06,3079.93,3089.4,3079.93
2.66455e-06,3079.93,3210.67,3079.93
2.6379e-06,3079.93,3214.68,3079.93
2.61152e-06,3079.93,3200.98,3079.93
2.58541e-06,3068.53,3068.53,3068.53
2.55956e-06,3068.53,3102.97,3068.53
2.53396e-06,3068.53,3133.63,3068.53
2.50862e-06,3068.53,3090.26,3068.53
2.48353e-06,3066.61,3066.61,3066.61
2.4587e-06,3066.61,3083.37,3066.61
2.43411e-06,3055.96,3055.96,3055.96
2.40977e-06,3055.96,3057.35,3055.96
2.38567e-06,3055.96,3109.34,3055.96
2.36182e-06,3055.96,3082.49,3055.96
2.3382e-06,3055.96,3121.56,3055.96
2.31482e-06,3055.96,3097.17,3055.96
2.29167e-06,3055.96,3109.54,3055.96
2.26875e-06,3055.96,3124.22,3055.96
2.24606e-06,3055.96,3161.97,3055.96
2.2236e-06,3055.96,3170.95,3055.96
2.20137e-06,3055.96,3242.11,3055.96
2.17935e-06,3055.96,3228.02,3055.96
2.15756e-06,3055.96,3200.05,3055.96
2.13598e-06,3055.96,3118.86,3055.96
2.11462e-06,3055.96,3099.13,3055.96
2.09348e-06,3055.96,3165.82,3055.96
2.07254e-06,3055.96,3241.17,3055.96
2.05182e-06,3055.96,3117.34,3055.96
2.0313e-06,3055.96,3257.93,3055.96
2.01099e-06,3055.96,3197.58,3055.96
1.99088e-06,3055.96,3253.44,3055.96
1.97097e-06,3055.96,3062.75,3055.96
1.95126e-06,3055.96,3215.01,3055.96
1.93175e-06,3041.48,3041.48,3041.48
1.91243e-06,3041.48,3058.21,3041.48
1.8933e-06,3041.48,3058.12,3041.48
1.87437e-06,3041.48,3060.78,3041.48
1.85563e-06,3041.48,3068.62,3041.48
1.83707e-06,3041.48,3111.74,3041.48
1.8187e-06,3041.48,3203.78,3041.48
1.80051e-06,3041.48,3154.66,3041.48
1.78251e-06,3041.48,3113.23,3041.48
1.76468e-06,3041.48,3066.3,3041.48
1.74704e-06,3041.48,3118.06,3041.48
1.72957e-06,3041.48,3073.7,3041.48
1.71227e-06,3041.48,3089.4,3041.48
1.69515e-06,3041.48,3179.59,3041.48
1.6782e-06,3041.48,3056.46,3041.48
1.66141e-06,3041.48,3234.26,3041.48
1.6448e-06,3041.48,3102.97,3041.48
1.62835e-06,3041.48,3133.62,3041.48
1.61207e-06,3041.48,3124.98,3041.48
1.59595e-06,3041.48,3050.76,3041.48
1.57999e-06,3041.48,3194.74,3041.48
1.56419e-06,3041.48,3170.38,3041.48
1.54855e-06,3041.48,3147.12,3041.48
1.53306e-06,3041.48,3207.59,3041.48
1.51773e-06,3041.48,3113.65,3041.48
1.50255e-06,3041.48,3151.01,3041.48
1.48753e-06,3041.48,3071.42,3041.48
1.47265e-06,3041.48,3125.7,3041.48
1.45793e-06,3041.48,3054.56,3041.48
1.44335e-06,3041.48,3096.55,3041.48
1.42891e-06,3041.48,3217.86,3041.48
1.41462e-06,3041.48,3071.21,3041.48
1.40048e-06,3041.48,3065.8,3041.48
1.38647e-06,3041.48,3148.37,3041.48
1.37261e-06,3041.48,3142.15,3041.48
1.35888e-06,3041.48,3054.06,3041.48
1.34529e-06,3041.48,3068.77,3041.48
